S1,ST,names
"[0.08544165465072401, 0.7569035173870885, 0.10945003451389347]","[0.10638905461709569, 0.7892249827925811, 0.15347491406484837]","['DNS', 'A', 'IP']"
