S1,ST,names
"[3.5632454160792027e-09, 0.7914639521454346, 0.1624845786225088]","[0.00031474816961207797, 0.8374483499900978, 0.20850500460374]","['quarantine_length', 'latent_period', 'testing_delay']"
