S1,ST,names
"[0.07827693735934863, 0.7579333405809939, 0.1066318298793338]","[0.10182523496701934, 0.8036565138095088, 0.15321591577881144]","['DNS', 'A', 'IP']"
