home_sar,work_sar,other_sar
[0.04459979],[0.57243686],[0.40794647]
