S1,ST,names
"[0.033501796760150394, 0.5705126817098355, 0.3932624318440114]","[0.034494209151793576, 0.573143743022427, 0.3958932294160873]","['Home', 'Work', 'Others']"
