home_sar,work_sar,other_sar
[0.0125593],[0.55821884],[0.36792008]
