S1,ST,names
"[1.091549260978108e-09, 0.46261665187287127, 0.49211513979655486]","[0.0009664377929248236, 0.5077241602620275, 0.5373354300981044]","['LP', 'A', 'W']"
