S1,ST,names
"[2.6898328300184755e-09, 0.7899173995468115, 0.17578575380579506]","[0.00035982759087827, 0.8241484862521039, 0.21006074107800576]","['quarantine_length', 'latent_period', 'testing_delay']"
