home_sar,work_sar,other_sar
[0.03257772],[0.58607046],[0.38812046]
