S1,ST,names
"[0.028287597818969317, 0.58940154749948, 0.379884695685238]","[0.02922182751873914, 0.5917605855890334, 0.38224433588463125]","['H', 'W', 'O']"
