home_sar,work_sar,other_sar
[0.02096725],[0.59539131],[0.36636006]
