S1,ST,names
"[1.1671482332623505e-09, 0.4628020570943654, 0.4935126375350589]","[0.0009765535355925614, 0.506314168675388, 0.5371531647564232]","['LP', 'A', 'W']"
